[
  {
    "calories": 13.04,
    "display": "Flutter Kicks",
    "id": 1,
    "turns": "12",
    "name": "flutter_kicks.gif",
    "url": "ANVdMDaYRts",
    "info":"Flutter Kicks primarily target your core abs muscles and your hip flexors to some extent.",
    "howTo":"Lie flat on the floor and place your hands underneath your glutes. While keeping your legs straight, raise your heels off the ground. Raise your right foot up a few inches and then bring it down. As you are bringing your right foot down, start raising your left foot up. Keep doing this in an alternate motion between right and left foot.",
    "correctForm":"Keep your legs as straight as possible",
    "tts": [
      {
        "text": "Flutter Kicks works lower abs and hip flexor muscles",
        "time": "7"
      }
    ],
    "unit": 1,
    "isOnline": true
  },
  {
    "calories": 12.05,
    "display": "High Knees",
    "id": 2,
    "turns": "30",
    "name": "high_knees.gif",
    "url": "whHxoB-AFYQ",
    "info":"High knees is a cardiovascular, warm up and a stretching exercise. It targets hip flexors,  hamstrings, quads and abs.",
    "howTo":"This exercise is similar to running in place. However the only difference is that you try to raise your knees up high. Ideally your knees should come up to 90 degree angle to your body. Keep doing this alternate manner with your arms pumping back and forth.",
    "correctForm":"Keep looking straight. Do not look down\nRaise your knees at 90 degrees angle to your body",
    "tts": [
      {
        "text": "High Knees is a very good full body cardio vascular exercise very effective for fat burning",
        "time": "7"
      }
    ],
    "unit": 1,
    "isOnline": true
  },
  
  {
    "calories": 13.54,
    "display": "Jumping Jacks",
    "id": 3,
    "turns": "30",
    "name": "jumping_jacks.gif",
    "url": "XR0xeuK5zBU",
    "info":"Jumping jack is a cardiovascular, full body warm up exercise as it helps loosening of the muscles.",
    "howTo":"Stand upright. Your feet should be together and your hands by your sides. Begin exercise by raising both your hands simultaneously, up and above your head. While raising your hands jump off the floor and move your feet apart to a distance around twice that of shoulder width.\nWith your hands at the top and feet spread apart, immediately reverse your movement back to the starting position. Do this exercise in a fluid motion.",
    "correctForm":"Try to synchronize the movement of your hands with your feet\nDo not pause during this exercise",
    "tts": [
      {
        "text": "Jumping Jacks is a very good full body warm up exercise",
        "time": "7"
      }
    ],
    "unit": 1,
    "isOnline": false
  },
  {
    "calories": 14.588,
    "display": "Leg Raises",
    "id": 4,
    "turns": "10",
    "name": "leg_raises.gif",
    "url": "JB2oyawG9KI",
    "info":"Leg raises is a pilates and calisthenics exercise for improving core strength. It targets core,abs and hip flexor muscles.",
    "howTo":"Lay down flat on the floor with your hands underneath your glutes. Keep your feet straight and keep them together. While keeping your legs straight, lift both your legs in the air together. Bring both the legs at 90 degrees from the floor, if possible. Once at the top, slowly start lowering both your legs into the starting position.",
    "correctForm":"Do not bend your knees and keep your legs straight\nDo not use jerking motion to lift your legs",
    "tts": [
      {
        "text": "Leg Raises targets Hip Flexors and Lower Abs Muscles",
        "time": "7"
      }
    ],
    "unit": 1,
    "isOnline": false
  },
  {
    "calories": 13.04,
    "display": "Mountain Climbers",
    "id": 5,
    "turns": "20",
    "name": "mountain_climbers1.gif",
    "url": "WHtsUjji2YY",
    "info":"Mountain climber is a very effective full body cardiovascular exercise. It is a compound exercise that targets the abs, lower back, hamstring,quads and triceps muscles.",
    "howTo":"Start in a plank position and keep your body straight. Begin pulling your right knee towards your chest. Maintain plank position. Keep the tension in your abs by pulling them in. Try to bring your knee in as close to the chest as you comfortably can. Once right knee has been pulled in repeat this movement with the other leg. Pull the left knee in and push the right leg out. Alternate these movement by switching between knees in a continuous motion.",
    "correctForm":"Your hips should not drop nor your back should arch\nPrevent your head from dropping",
    "tts": [
      {
        "text": "Mountain Climbers is a full body exercise which targets shoulder chest and lower ab muscles",
        "time": "7"
      }
    ],
    "unit": 1,
    "isOnline": true
  },
 
  {
    "calories": 15.5745,
    "display": "Plank",
    "id": 6,
    "turns": "20 Sec",
    "name": "plank1.gif",
    "url": "3FOU8F9LMt0",
    "info":"Elbow plank is a calisthenics exercise that primarily targets the core abs muscles. It also targets the lower back and shoulders.",
    "howTo":"Go down to the floor like assuming a push up position. Instead of putting your hands on the floor, rest your body weight on elbow and forearms and keep them flat on the floor. Raise your hips off the floor in such a way that your entire body from head to heals form a straight line. You should feel tension in your core, hamstring and glutes.",
    "correctForm":"Keep your hips in a flat position not too high not to low. Do not arch your back\nNeck and head position should lie on a straight line",
    "tts": [
      {
        "text": "Plank targets the core and upper abs muscles",
        "time": "7"
      }
    ],
    "unit": 1,
    "isOnline": false
  },
  {
    "calories": 13.86,
    "display": "Plank Leg Raises",
    "id": 7,
    "turns": "10",
    "name": "plank_leg_raises1.gif",
    "url": "IexgiQZetb8",
    "info":"Plank leg raise is an effective exercise for developing the abs. It strengthen out glutes and lower back.",
    "howTo":"Begin with pushup position and support lower body on toes. Raise your right leg up about two feet off the floor and lower it back to toe. Switch legs and repeat.",
    "correctForm":"Form your body a straight line from shoulders to ankles\nMaintain as flat a spine as possible",
    "tts": [
      {
        "text": "Plank Leg Raises targets core abs lower back and glutes muscles",
        "time": "7"
      }
    ],
    "unit": 1,
    "isOnline": false
  },
  {
    "calories": 12.574,
    "display": "Push Ups",
    "id": 8,
    "turns": "10",
    "name": "push_up1.gif",
    "url": "rjc0O7OXS3g",
    "info":"Pushup is an effective exercise that primarily strengthens your chest, abs and core body muscles.",
    "howTo":"Position your hands and arms right below your shoulders while holding your body in a plank position. Lower your body until your chest is two inches above the floor. Then push your torso away from the ground until your arms lock, then repeat.",
    "correctForm":"Keep your body in a straight position, don’t arch your back\nKeep your core engaged throughout the entire movement",
    "tts": [
      {
        "text": "Push Up is very effective exercise for upper body conditioning and core abs muscles",
        "time": "7"
      }
    ],
    "unit": 1,
    "isOnline": true
  },
  {
    "calories": 13.876,
    "display": "Russian Twist",
    "id": 9,
    "turns": "16",
    "name": "russian_twist1.gif",
    "url": "NeAtimSCxsY",
    "info":"Russian twist is a core workout that engages all the abdomen muscles. It strengthens the rectus abdominis, internal obliques and external obliques.",
    "howTo":"Sit on the floor with knees bent and legs up as in a V sit up position. Lock your hands together and twist them side to side with multiple repetitions then roll it back down.",
    "correctForm":"Hold your feets together and slightly above the ground\nSwing arms from one side to another in a twisting motion",
    "tts": [
      {
        "text": "Russian Twists works obliques and lower abs muscles",
        "time": "7"
      }
    ],
    "unit": 1,
    "isOnline": false
  },
  {
    "id": 10,
    "unit": 1,
    "turns": "30 Sec",
    "calories": 12.63,
    "display": "Cobra Stretch",
    "tts": [
      {
        "text": "",
        "time": "7"
      }
    ],
    "name": "cobra_stretch.gif",
    "url": "JDcdhTuycOI",
    "info":"Cobra stretch helps strengthening muscles of arms, shoulders, chest and abdominals.",
    "howTo":"Lie face down on the floor with parallel thigh placement and place your hands underneath your shoulders. Start straightening your arms with chest lift and maintain a comfortable height of torso. Relax and hold the stretch upwards.",
    "correctForm":"Tit head back and look upkeep\nKeep your abs and back relaxed",
    "isOnline": false
  },
  {
    "calories": 13.04,
    "display": "Mountain Climbers",
    "id": 11,
    "turns": "25",
    "name": "mountain_climbers1.gif",
    "url": "WHtsUjji2YY",
    "info":"Mountain climber is a very effective full body cardiovascular exercise. It is a compound exercise that targets the abs, lower back, hamstring,quads and triceps muscles.",
    "howTo":"Start in a plank position and keep your body straight. Begin pulling your right knee towards your chest. Maintain plank position. Keep the tension in your abs by pulling them in. Try to bring your knee in as close to the chest as you comfortably can. Once right knee has been pulled in repeat this movement with the other leg. Pull the left knee in and push the right leg out. Alternate these movement by switching between knees in a continuous motion.",
    "correctForm":"Your hips should not drop nor your back should arch\nPrevent your head from dropping",
    "tts": [
      {
        "text": "Mountain Climbers is a full body exercise which targets shoulder chest and lower ab muscles",
        "time": "7"
      }
    ],
    "unit": 1,
    "isOnline": true
  },

  {
    "calories": 15.5745,
    "display": "Plank",
    "id": 12,
    "turns": "30 Sec",
    "name": "plank1.gif",
    "url": "3FOU8F9LMt0",
    "info":"Elbow plank is a calisthenics exercise that primarily targets the core abs muscles. It also targets the lower back and shoulders.",
    "howTo":"Go down to the floor like assuming a push up position. Instead of putting your hands on the floor, rest your body weight on elbow and forearms and keep them flat on the floor. Raise your hips off the floor in such a way that your entire body from head to heals form a straight line. You should feel tension in your core, hamstring and glutes.",
    "correctForm":"Keep your hips in a flat position not too high not to low. Do not arch your back\nNeck and head position should lie on a straight line",
    "tts": [
      {
        "text": "Plank targets the core and upper abs muscles",
        "time": "7"
      }
    ],
    "unit": 1,
    "isOnline": false
  },
  {
    "calories": 12.63,
    "display": "Half Kneeling Thread The Needle Left",
    "id": 13,
    "turns": "18",
    "name": "half_kneeling_thread_needle_left.gif",
    "url": "WfMdeMmR6vI",
    "info":"",
    "howTo":"Thread the needle to loosen your midback and stretch your shoulders. As you reach up, push the floor away through your supporting arm to turn your breastbone. Breathe in and reach under to stretch.",
    "correctForm":"",
    "tts": [
      {
        "text": "",
        "time": "7"
      }
    ],
    "unit": 1,
    "isOnline": false
  },
  {
    "calories": 12.63,
    "display": "Half Kneeling Thread The Needle Right",
    "id": 14,
    "turns": "18",
    "name": "half_kneeling_thread_needle_right.gif",
    "url": "WfMdeMmR6vI",
    "info":"",
    "howTo":"Thread the needle to loosen your midback and stretch your shoulders. As you reach up, push the floor away through your supporting arm to turn your breastbone. Breathe in and reach under to stretch.",
    "correctForm":"",
    "tts": [
      {
        "text": "",
        "time": "7"
      }
    ],
    "unit": 1,
    "isOnline": false
  },
  {
    "calories": 12.574,
    "display": "Push Ups",
    "id": 15,
    "turns": "12",
    "name": "push_up1.gif",
    "url": "rjc0O7OXS3g",
    "info":"Pushup is an effective exercise that primarily strengthens your chest, abs and core body muscles.",
    "howTo":"Position your hands and arms right below your shoulders while holding your body in a plank position. Lower your body until your chest is two inches above the floor. Then push your torso away from the ground until your arms lock, then repeat.",
    "correctForm":"Keep your body in a straight position, don’t arch your back\nKeep your core engaged throughout the entire movement",
    "tts": [
      {
        "text": "Push Up is very effective exercise for upper body conditioning and core abs muscles",
        "time": "7"
      }
    ],
    "unit": 1,
    "isOnline": true
  }
]
