[
     {
    "calories": 12.05,
    "display": "High Knees",
    "id": 1,
    "turns": "30",
    "name": "high_knees.gif",
    "url": "whHxoB-AFYQ",
    "info":"High knees is a cardiovascular, warm up and a stretching exercise. It targets hip flexors,  hamstrings, quads and abs.",
    "howTo":"This exercise is similar to running in place. However the only difference is that you try to raise your knees up high. Ideally your knees should come up to 90 degree angle to your body. Keep doing this alternate manner with your arms pumping back and forth.",
    "correctForm":"Keep looking straight. Do not look down\nRaise your knees at 90 degrees angle to your body",
    "tts": [
      {
        "text": "High Knees is a very good full body cardio vascular exercise very effective for fat burning",
        "time": "7"
      }
    ],
    "unit": 1,
    "isOnline": true
  },
   {
    "calories": 13.54,
    "display": "Jumping Jacks",
    "id": 2,
    "turns": "30",
    "name": "jumping_jacks.gif",
    "url": "XR0xeuK5zBU",
    "info":"Jumping jack is a cardiovascular, full body warm up exercise as it helps loosening of the muscles.",
    "howTo":"Stand upright. Your feet should be together and your hands by your sides. Begin exercise by raising both your hands simultaneously, up and above your head. While raising your hands jump off the floor and move your feet apart to a distance around twice that of shoulder width.\nWith your hands at the top and feet spread apart, immediately reverse your movement back to the starting position. Do this exercise in a fluid motion.",
    "correctForm":"Try to synchronize the movement of your hands with your feet\nDo not pause during this exercise",
    "tts": [
      {
        "text": "Jumping Jacks is a very good full body warm up exercise",
        "time": "7"
      }
    ],
    "unit": 1,
    "isOnline": false
  },
  {
    "calories": 12.63,
    "display": "Squats",
    "id": 3,
    "turns": "12",
    "name": "squats1.gif",
    "url": "aclHkVaku9U",
    "info":"",
    "howTo":"tand with your hands on your hips and feet a little wider than shoulder width apart. Then lower your body until your thighs are parallel to the floor. Your knees should be extended in the same direction as your tiptoes.",
    "correctForm":"",
    "tts": [
      {
        "text": "",
        "time": "7"
      }
    ],
    "unit": 1,
    "isOnline": true
  },
  {
    "calories": 12.63,
    "display": "Donkey Kicks Left",
    "id": 4,
    "turns": "12",
    "name": "donkey_kick_left.gif",
    "url": "SJ1Xuz9D-ZQ",
    "info":"",
    "howTo":"Start on all fours with your knees under your butt and your hands under your shoulders. Then lift your left leg and squeeze your butt as much as you can. Go back to the start position and repeat the exercise.",
    "correctForm":"",
    "tts": [
      {
        "text": "",
        "time": "7"
      }
    ],
    "unit": 1,
    "isOnline": false
  },
  {
    "calories": 12.63,
    "display": "Donkey Kicks Right",
    "id": 5,
    "turns": "12",
    "name": "donkey_kick_right.gif",
    "url": "SJ1Xuz9D-ZQ",
    "info":"",
    "howTo":"Start on all fours with your knees under your butt and your hands under your shoulders. Then lift your right leg and squeeze your butt as much as you can. Go back to the start position and repeat the exercise.",
    "correctForm":"",
    "tts": [
      {
        "text": "",
        "time": "7"
      }
    ],
    "unit": 1,
    "isOnline": false
  },
  {
    "calories": 12.63,
    "display": "Elevated Split Squat Left",
    "id": 6,
    "turns": "12",
    "name": "elevated_split_squat_left.gif",
    "url": "fNJbRF_5P4A",
    "info":"",
    "howTo":"Begin by placing the top of your right foot on the bench, with your left leg straight. Bend your left knee, engage your right glute, and lower your pelvis toward the ground.Straighten your left leg and rise back up to the starting position. Complete three sets of 10-15 reps on each leg.",
    "correctForm":"",
    "tts": [
      {
        "text": "",
        "time": "7"
      }
    ],
    "unit": 1,
    "isOnline": false
  },
  {
    "calories": 12.63,
    "display": "Elevated Split Squat Right",
    "id": 7,
    "turns": "12",
    "name": "elevated_split_squat_right.gif",
    "url": "fNJbRF_5P4A",
    "info":"",
    "howTo":"Begin by placing the top of your left foot on the bench, with your right leg straight. Bend your right knee, engage your left glute, and lower your pelvis toward the ground.Straighten your right leg and rise back up to the starting position. Complete three sets of 10-15 reps on each leg.",
    "correctForm":"",
    "tts": [
      {
        "text": "",
        "time": "7"
      }
    ],
    "unit": 1,
    "isOnline": false
  },
  {
    "calories": 12.63,
    "display": "Side Lying Leg Lift Left",
    "id": 8,
    "turns": "12",
    "name": "side_lying_leg_lift_left1.gif",
    "url": "jgh6sGwtTwk",
    "info":"",
    "howTo":"Lie on one side with your lower arm on the floor and upper hand in front of your body for support.\nBracing your abs, bring your bottom leg slightly in front of your top leg, letting the inside of your top foot rest on the ground. Then lift the upper leg up to the ceiling, keeping your hips stacked. Pause and then lower the leg.",
    "correctForm":"",
    "tts": [
      {
        "text": "",
        "time": "7"
      }
    ],
    "unit": 1,
    "isOnline": true
  },
  {
    "calories": 12.63,
    "display": "Side Lying Leg Lift Right",
    "id": 9,
    "turns": "12",
    "name": "side_lying_leg_lift_right.gif",
    "url": "jgh6sGwtTwk",
    "info":"",
    "howTo":"Lie on one side with your lower arm on the floor and upper hand in front of your body for support.\nBracing your abs, bring your bottom leg slightly in front of your top leg, letting the inside of your top foot rest on the ground. Then lift the upper leg up to the ceiling, keeping your hips stacked. Pause and then lower the leg.",
    "correctForm":"",
    "tts": [
      {
        "text": "",
        "time": "7"
      }
    ],
    "unit": 1,
    "isOnline": true
  },
  {
    "calories": 12.63,
    "display": "Burpees",
    "id": 10,
    "turns": "6",
    "name": "burpees.gif",
    "url": "dZgVxmf6jkA",
    "info":"Burpees is a plyometric exercise that targets the chest, shoulders, core and legs while also improving your cardiovascular strength.",
    "howTo":"Start with your feet shoulder width apart. Bend down and put your hands on the floor. Kick both of your legs backwards simultaneously to go into a push up position. Lower your chest to ground as doing a push up, then jump both your feet back in simultaneously. Stand up and do a jump with both your hands facing the ceiling. Remember to do a soft landing.",
    "correctForm":"Do not Arch your lower back when coming out of the push up position\nDo not skip your squat when moving from standing to burpee position",
    "tts": [
      {
        "text": "Burpees is a highly effective fat burning exercise It raises heart rate and boosts body metabolism",
        "time": "7"
      }
    ],
    "unit": 1,
    "isOnline": true
  },
  {
    "calories": 12.63,
    "display": "Plie Squat",
    "id": 11,
    "turns": "10",
    "name": "plie_squat1.gif",
    "url": "KcK5vxSH8yw",
    "info":"",
    "howTo":"Stand with feet slightly wider than shoulder distance apart and toes turned out into a 45 degree angle.Bend knees and lower your torso, keeping your back straight and abs tight.Squeeze your glutes and come to standing position.",
    "correctForm":"",
    "tts": [
      {
        "text": "",
        "time": "7"
      }
    ],
    "unit": 1,
    "isOnline": true
  },
  {
    "id": 12,
    "unit": 1,
    "turns": "20",
    "calories": 12.63,
    "display": "Lunge Stretch",
    "tts": [
      {
        "text": "",
        "time": "7"
      }
    ],
    "name": "lunge_stretch.gif",
    "url": "rHHzHSmjLng",
    "info":"Lunge stretch is an exercise than primarily targets abs, glutes, quads and hamstrings.",
    "howTo":"Stand straight, take a step forward then slowly bend both knees until your back knee touches the floor. Stand back up and repeat the motion with alternative leg.",
    "correctForm":"While bending front knee, make 90 degree angle from thigh to leg\nMaintain your feet hip width apart",
    "isOnline": false
  },
  {
    "calories": 13.54,
    "display": "Jumping Jacks",
    "id": 13,
    "turns": "30",
    "name": "jumping_jacks.gif",
    "url": "XR0xeuK5zBU",
    "info":"Jumping jack is a cardiovascular, full body warm up exercise as it helps loosening of the muscles.",
    "howTo":"Stand upright. Your feet should be together and your hands by your sides. Begin exercise by raising both your hands simultaneously, up and above your head. While raising your hands jump off the floor and move your feet apart to a distance around twice that of shoulder width.\nWith your hands at the top and feet spread apart, immediately reverse your movement back to the starting position. Do this exercise in a fluid motion.",
    "correctForm":"Try to synchronize the movement of your hands with your feet\nDo not pause during this exercise",
    "tts": [
      {
        "text": "Jumping Jacks is a very good full body warm up exercise",
        "time": "7"
      }
    ],
    "unit": 1,
    "isOnline": false
  },
  {
    "calories": 12.63,
    "display": "Squats",
    "id": 14,
    "turns": "20",
    "name": "squats1.gif",
    "url": "aclHkVaku9U",
    "info":"",
    "howTo":"tand with your hands on your hips and feet a little wider than shoulder width apart. Then lower your body until your thighs are parallel to the floor. Your knees should be extended in the same direction as your tiptoes.",
    "correctForm":"",
    "tts": [
      {
        "text": "",
        "time": "7"
      }
    ],
    "unit": 1,
    "isOnline": true
  },
  {
    "calories": 12.63,
    "display": "Burpees",
    "id": 15,
    "turns": "12",
    "name": "burpees.gif",
    "url": "dZgVxmf6jkA",
    "info":"Burpees is a plyometric exercise that targets the chest, shoulders, core and legs while also improving your cardiovascular strength.",
    "howTo":"Start with your feet shoulder width apart. Bend down and put your hands on the floor. Kick both of your legs backwards simultaneously to go into a push up position. Lower your chest to ground as doing a push up, then jump both your feet back in simultaneously. Stand up and do a jump with both your hands facing the ceiling. Remember to do a soft landing.",
    "correctForm":"Do not Arch your lower back when coming out of the push up position\nDo not skip your squat when moving from standing to burpee position",
    "tts": [
      {
        "text": "Burpees is a highly effective fat burning exercise It raises heart rate and boosts body metabolism",
        "time": "7"
      }
    ],
    "unit": 1,
    "isOnline": true
  }
]