[
     {
    "calories": 13.54,
    "display": "Jumping Jacks",
    "id": 1,
    "turns": "30",
    "name": "jumping_jacks.gif",
    "url": "XR0xeuK5zBU",
    "info":"Jumping jack is a cardiovascular, full body warm up exercise as it helps loosening of the muscles.",
    "howTo":"Stand upright. Your feet should be together and your hands by your sides. Begin exercise by raising both your hands simultaneously, up and above your head. While raising your hands jump off the floor and move your feet apart to a distance around twice that of shoulder width.\nWith your hands at the top and feet spread apart, immediately reverse your movement back to the starting position. Do this exercise in a fluid motion.",
    "correctForm":"Try to synchronize the movement of your hands with your feet\nDo not pause during this exercise",
    "tts": [
      {
        "text": "Jumping Jacks is a very good full body warm up exercise",
        "time": "7"
      }
    ],
    "unit": 1,
    "isOnline": false
  },
   {
    "calories": 13.04,
    "display": "Mountain Climbers",
    "id": 2,
    "turns": "30",
    "name": "mountain_climbers1.gif",
    "url": "WHtsUjji2YY",
    "info":"Mountain climber is a very effective full body cardiovascular exercise. It is a compound exercise that targets the abs, lower back, hamstring,quads and triceps muscles.",
    "howTo":"Start in a plank position and keep your body straight. Begin pulling your right knee towards your chest. Maintain plank position. Keep the tension in your abs by pulling them in. Try to bring your knee in as close to the chest as you comfortably can. Once right knee has been pulled in repeat this movement with the other leg. Pull the left knee in and push the right leg out. Alternate these movement by switching between knees in a continuous motion.",
    "correctForm":"Your hips should not drop nor your back should arch\nPrevent your head from dropping",
    "tts": [
      {
        "text": "Mountain Climbers is a full body exercise which targets shoulder chest and lower ab muscles",
        "time": "7"
      }
    ],
    "unit": 1,
    "isOnline": true
  },
   {
    "calories": 13.045,
    "display": "Moving Plank",
    "id": 3,
    "turns": "30 Sec",
    "name": "moving_plank1.gif",
    "url": "sTn_8M0uFV8",
    "info":"Moving plank is an advanced version of the elbow plank. Moving plank targets abs, shoulder and tricep muscles.",
    "howTo":"Go down to the floor. Like in an elbow plank position, rest your body weight on elbow and forearms and keep them flat on the floor. Raise your hips off the floor in such a way that your entire body from head to heals form a straight line. This is the elbow plank position. To do moving plank, move your upper body weight from your elbow to your hands, while keeping plank position. You will have to do this one hand at a time.\nOnce you have moved from elbow plank position to a plank position with your body weight on your hands, try to reverse the movement by going back to the elbow plank position. Again do this one hand a time. This full movement constitute one rep.",
    "correctForm":"Make sure your elbows and hands are underneath shoulders\nPrevent your hips from dropping and keep them still",
    "tts": [
      {
        "text": "Moving planks very effectively targets core abs chest and shoulder muscles all in a single exercise",
        "time": "7"
      }
    ],
    "unit": 1,
    "isOnline": false
  },
   {
    "calories": 12.63,
    "display": "Burpees",
    "id": 4,
    "turns": "20",
    "name": "burpees.gif",
    "url": "dZgVxmf6jkA",
    "info":"Burpees is a plyometric exercise that targets the chest, shoulders, core and legs while also improving your cardiovascular strength.",
    "howTo":"Start with your feet shoulder width apart. Bend down and put your hands on the floor. Kick both of your legs backwards simultaneously to go into a push up position. Lower your chest to ground as doing a push up, then jump both your feet back in simultaneously. Stand up and do a jump with both your hands facing the ceiling. Remember to do a soft landing.",
    "correctForm":"Do not Arch your lower back when coming out of the push up position\nDo not skip your squat when moving from standing to burpee position",
    "tts": [
      {
        "text": "Burpees is a highly effective fat burning exercise It raises heart rate and boosts body metabolism",
        "time": "7"
      }
    ],
    "unit": 1,
    "isOnline": true
  },
   {
    "calories": 13.6,
    "display": "Circle Crunches",
    "id": 5,
    "turns": "18",
    "name": "circle_crunches.gif",
    "url": "Zs3UsIOXgy0",
    "info":"Circle crunches work your abs from every direction. The circular motion forces you to isometrically hold your core tight which adds extra burn.",
    "howTo":"Lie down with your back flat on the floor. Bring your knees and ankles close together. Make a 90 degree angle between thigh and the leg. Put your hands behind your head with elbows wide. Lift your chest up and make a circular motion with your abs, Think of moving from one hip to the other while making a big circle in the air. Then repeat this motion. Keep your lower back touching the floor at all times.\n\nPlease do this exercise on a mat!",
    "correctForm":"Bring the knees and ankles close together\nLift the shoulder blades off the floor and do not try to pull with your neck. The circular movement should come from abs and chest and not the neck",
    "tts": [
      {
        "text": "Circle Crunches is a highly effective abs exercise it targets all abs muscles group",
        "time": "7"
      }
    ],
    "unit": 1,
    "isOnline": false
  },
  {
    "calories": 13.04,
    "display": "Flutter Kicks",
    "id": 6,
    "turns": "20",
    "name": "flutter_kicks.gif",
    "url": "ANVdMDaYRts",
    "info":"Flutter Kicks primarily target your core abs muscles and your hip flexors to some extent.",
    "howTo":"Lie flat on the floor and place your hands underneath your glutes. While keeping your legs straight, raise your heels off the ground. Raise your right foot up a few inches and then bring it down. As you are bringing your right foot down, start raising your left foot up. Keep doing this in an alternate motion between right and left foot.",
    "correctForm":"Keep your legs as straight as possible",
    "tts": [
      {
        "text": "Flutter Kicks works lower abs and hip flexor muscles",
        "time": "7"
      }
    ],
    "unit": 1,
    "isOnline": true
  },
   {
    "calories": 12.45,
    "display": "Lunge Step Ups",
    "id": 7,
    "turns": "20",
    "name": "lunge_step_ups.gif",
    "url": "KM6-6xTRpow",
    "info":"Lunge Step up is a lower body exercise that primarily targets the quadriceps muscles. this exercise also targets calves, glutes and hamstrings.",
    "howTo":"Start off in a basic lunge position. Keep one of your foot firmly planted on the ground. Then move out of the lunge position by driving the knee on the other leg forward. Bring the leg up until your thigh is horizontal. Once in the horizontal position, bring the leg back to it’s starting position.",
    "correctForm":"Keep your body upright throughout the exercise\nMaintain proper balance. Do this exercise in a controlled manner",
    "tts": [
      {
        "text": "Lunge Step Ups is a Lower Body Exercise which targets quadriceps and hamstring muscles",
        "time": "7"
      }
    ],
    "unit": 1,
    "isOnline": false
  },
   {
    "calories": 11.045,
    "display": "Pike Walk",
    "id": 8,
    "turns": "30",
    "name": "pike_walk1.gif",
    "url": "5QnHxitgxfo",
    "info":"Pike walk is a bodyweight pilates exercise that strengthens the upper body and core. Pike walk targets abs, shoulders, chest, hamstrings and glutes muscles.",
    "howTo":"Assume a standing position keeping your feet shoulder width apart. Now bend down around your waist and try to put your hands on the floor. While doing so try to keep your legs straight and do not bend your knees. Using your hands only start walking forward as far as you can and come back in reverse as well.\nOnce your hands are as far as they can go, start the reverse movement by walking back inwards towards your feet. Again use your hands only and do not move your feet. This complete one rep.",
    "correctForm":"Try not to bend your legs during this exercise\nYour hips should not sag and your core should be tight",
    "tts": [
      {
        "text": "Pike Walk targets the core and upper abs muscles",
        "time": "7"
      }
    ],
    "unit": 1,
    "isOnline": false
  },
   {
    "calories": 12.578,
    "display": "Plank Arm Raises",
    "id": 9,
    "turns": "30 Sec",
    "name": "plank_arm_raises1.gif",
    "url": "TyiujJcZHVY",
    "info":"Plank arm raises is an isometric core exercise that primarily target upper & lower abs and helps improving shoulder and spinal stability. It also strengthen lower back regions.",
    "howTo":"Lie down in a push up position, rest your body weight on both hands then tighten your abs while stretching one arm out in front of you with your head up and knees straight.\nMake sure your body is in a completely straight line from head to toe. While lifting right arm off the ground, drive that left foot into the ground, then bring the hand down after a couple of seconds and switch to the left side with same drill.",
    "correctForm":"Keep your body in straight position, don’t arch your back\nDevelop good rotational stability through shoulders, torso and hips",
    "tts": [
      {
        "text": "Plank Arm Raises builds core strength in addition to working shoulder and triceps muscles",
        "time": "7"
      }
    ],
    "unit": 1,
    "isOnline": false
  },
   {
    "calories": 12.045,
    "display": "Push Up Plank Leg Raises",
    "id": 10,
    "turns": "30 Sec",
    "name": "one_legged_push_up_plank1.gif",
    "url": "CnS6S1e8ecM",
    "info":"",
    "howTo":"Get into a plank position on your mat. Keep your arms straight and abs engaged, while keeping the whole body in a straight line. Inhale and lower the hips while moving the torso forward so shoulders are over hands. Lift your right leg up and hold for one breath. Exhale and lower the leg. Raise your hips and return to starting position.",
    "correctForm":"",
    "tts": [
      {
        "text": "Push Up Plank with leg raises targets core abs chest lower back and glutes muscles",
        "time": "7"
      }
    ],
    "unit": 1,
    "isOnline": false
  },
   {
    "calories": 12.786,
    "display": "Reverse Crunches",
    "id": 11,
    "turns": "22",
    "name": "reverse_crunches1.gif",
    "url": "gAyTBB4lm3I",
    "info":"Reverse crunch is a core exercise that primarily targets your abs, hips and lower back.",
    "howTo":"Lying your back down the ground and place the hands underneath your lower back core. Hover your legs straight above, raise your hips off the floor and crunch them inward. Then slowly lower your legs back towards the floor and repeat the same process.",
    "correctForm":"Hold your feet together and pull them in the air at 90 degree angle\nHips and lower back should raise up off the floor",
    "tts": [
      {
        "text": "Reverse Crunches targets lower and core abs muscles",
        "time": "7"
      }
    ],
    "unit": 1,
    "isOnline": false
  },
   {
    "calories": 13.876,
    "display": "Russian Twist",
    "id": 12,
    "turns": "18",
    "name": "russian_twist1.gif",
    "url": "NeAtimSCxsY",
    "info":"Russian twist is a core workout that engages all the abdomen muscles. It strengthens the rectus abdominis, internal obliques and external obliques.",
    "howTo":"Sit on the floor with knees bent and legs up as in a V sit up position. Lock your hands together and twist them side to side with multiple repetitions then roll it back down.",
    "correctForm":"Hold your feets together and slightly above the ground\nSwing arms from one side to another in a twisting motion",
    "tts": [
      {
        "text": "Russian Twists works obliques and lower abs muscles",
        "time": "7"
      }
    ],
    "unit": 1,
    "isOnline": false
  },
   {
    "calories": 12.576,
    "display": "V Ups",
    "id": 13,
    "turns": "20",
    "name": "v_ups1.gif",
    "url": "iP2fjvG0g3w",
    "info":"V-Ups is a great core body exercise that fully engages your abdominal muscles and strengthen your abs, obliques and back muscles.",
    "howTo":"Lying your back with both legs straight and extend your arms over your head. Lift your legs and upper body simultaneously off the floor and reach towards your feet. Return slowly back down the starting position.",
    "correctForm":"Keep your torso and legs straight, don’t arch your back.\nLift your legs up to 45 degree angle",
    "tts": [
      {
        "text": "V Ups targets core upper and lower abs muscles",
        "time": "7"
      }
    ],
    "unit": 1,
    "isOnline": false
  },
   {
    "id": 14,
    "unit": 1,
    "turns": "30 Sec",
    "calories": 12.63,
    "display": "Cobra Stretch",
    "tts": [
      {
        "text": "",
        "time": "7"
      }
    ],
    "name": "cobra_stretch.gif",
    "url": "JDcdhTuycOI",
    "info":"Cobra stretch helps strengthening muscles of arms, shoulders, chest and abdominals.",
    "howTo":"Lie face down on the floor with parallel thigh placement and place your hands underneath your shoulders. Start straightening your arms with chest lift and maintain a comfortable height of torso. Relax and hold the stretch upwards.",
    "correctForm":"Tit head back and look upkeep\nKeep your abs and back relaxed",
    "isOnline": false
  },
   {
    "calories": 12.045,
    "display": "Elbow Plank",
    "id": 15,
    "turns": "30 Sec",
    "name": "elbow_plank.gif",
    "url": "zuHZyVg3zRA",
    "info":"Elbow plank is a calisthenics exercise that primarily targets the core abs muscles. It also targets the lower back and shoulders.",
    "howTo":"Go down to the floor like assuming a push up position. Instead of putting your hands on the floor, rest your body weight on elbow and forearms and keep them flat on the floor. Raise your hips off the floor in such a way that your entire body from head to heals form a straight line. Do not let your hips drop or arch your back.",
    "correctForm":"Keep your hips in a flat position not too high not to low. Do not arch your back\nNeck and head position should lie on a straight line",
    "tts": [
      {
        "text": "Elbow Plank targets upper and lower abs along with shoulder and Lat muscles",
        "time": "7"
      }
    ],
    "unit": 1,
    "isOnline": true
  }
]