[
    {
    "calories": 13.23,
    "display": "Bicycle Crunches",
    "id": 1,
    "turns": "30",
    "name": "bicycle_crunches.gif",
    "url": "9FGilxCbdz8",
    "info":"Bicycle crunches is calisthenics exercise that targets the abs, hip flexors and obliques.",
    "howTo":"Lie flat on the floor with your lower back pressed to the ground and bring your hands behind the head. Then in a single act of motion try to bring your left knee in towards your chest and lift your shoulder blades off the ground. Keep your right leg in the air and as straight as possible. Then bring your right elbow towards the left knee as much as possible. Make sure your rib cage is moving and not just your elbows. Now do this motion in reverse; Left elbow to right knee. This will complete one rep.\n\nPlease do this exercise on a mat!",
    "correctForm":"Do not try to touch your elbows to your knees\nDon’t put much strain on your neck",
    "tts": [
      {
        "text": "This exercise targets all abs muscle groups",
        "time": "7"
      }
    ],
    "unit": 1,
    "isOnline": false
  },
  {
    "calories": 12.63,
    "display": "Burpees",
    "id": 2,
    "turns": "26",
    "name": "burpees.gif",
    "url": "dZgVxmf6jkA",
    "info":"Burpees is a plyometric exercise that targets the chest, shoulders, core and legs while also improving your cardiovascular strength.",
    "howTo":"Start with your feet shoulder width apart. Bend down and put your hands on the floor. Kick both of your legs backwards simultaneously to go into a push up position. Lower your chest to ground as doing a push up, then jump both your feet back in simultaneously. Stand up and do a jump with both your hands facing the ceiling. Remember to do a soft landing.",
    "correctForm":"Do not Arch your lower back when coming out of the push up position\nDo not skip your squat when moving from standing to burpee position",
    "tts": [
      {
        "text": "Burpees is a highly effective fat burning exercise It raises heart rate and boosts body metabolism",
        "time": "7"
      }
    ],
    "unit": 1,
    "isOnline": true
  },
  {
    "calories": 13.6,
    "display": "Circle Crunches",
    "id": 3,
    "turns": "20",
    "name": "circle_crunches.gif",
    "url": "Zs3UsIOXgy0",
    "info":"Circle crunches work your abs from every direction. The circular motion forces you to isometrically hold your core tight which adds extra burn.",
    "howTo":"Lie down with your back flat on the floor. Bring your knees and ankles close together. Make a 90 degree angle between thigh and the leg. Put your hands behind your head with elbows wide. Lift your chest up and make a circular motion with your abs, Think of moving from one hip to the other while making a big circle in the air. Then repeat this motion. Keep your lower back touching the floor at all times.\n\nPlease do this exercise on a mat!",
    "correctForm":"Bring the knees and ankles close together\nLift the shoulder blades off the floor and do not try to pull with your neck. The circular movement should come from abs and chest and not the neck",
    "tts": [
      {
        "text": "Circle Crunches is a highly effective abs exercise it targets all abs muscles group",
        "time": "7"
      }
    ],
    "unit": 1,
    "isOnline": false
  },
  {
    "calories": 13.04,
    "display": "Flutter Kicks",
    "id": 4,
    "turns": "30",
    "name": "flutter_kicks.gif",
    "url": "ANVdMDaYRts",
    "info":"Flutter Kicks primarily target your core abs muscles and your hip flexors to some extent.",
    "howTo":"Lie flat on the floor and place your hands underneath your glutes. While keeping your legs straight, raise your heels off the ground. Raise your right foot up a few inches and then bring it down. As you are bringing your right foot down, start raising your left foot up. Keep doing this in an alternate motion between right and left foot.",
    "correctForm":"Keep your legs as straight as possible",
    "tts": [
      {
        "text": "Flutter Kicks works lower abs and hip flexor muscles",
        "time": "7"
      }
    ],
    "unit": 1,
    "isOnline": true
  },
  {
    "calories": 12.05,
    "display": "High Knees",
    "id": 5,
    "turns": "20",
    "name": "high_knees.gif",
    "url": "whHxoB-AFYQ",
    "info":"High knees is a cardiovascular, warm up and a stretching exercise. It targets hip flexors,  hamstrings, quads and abs.",
    "howTo":"This exercise is similar to running in place. However the only difference is that you try to raise your knees up high. Ideally your knees should come up to 90 degree angle to your body. Keep doing this alternate manner with your arms pumping back and forth.",
    "correctForm":"Keep looking straight. Do not look down\nRaise your knees at 90 degrees angle to your body",
    "tts": [
      {
        "text": "High Knees is a very good full body cardio vascular exercise very effective for fat burning",
        "time": "7"
      }
    ],
    "unit": 1,
    "isOnline": true
  },
  {
    "calories": 12.02,
    "display": "Jump Pushup",
    "id": 6,
    "turns": "20",
    "name": "jump_push_up.gif",
    "url": "VzqjWuarzZQ",
    "info":"",
    "howTo":"Begin in a high plank position with your hands directly below your shoulders and your back, hips, and legs tight and straight. Bending at your elbows, lower your body until your chest touches the ground. From here,  bend your knees slightly, then explode up with your arms and legs so both your hands and feet come off the ground. That’s one rep.",
    "correctForm":"",
    "tts": [
      {
        "text": "Jump Push Up targets chest and triceps muscles",
        "time": "7"
      }
    ],
    "unit": 1,
    "isOnline": false
  },
  {
    "calories": 13.54,
    "display": "Jumping Jacks",
    "id": 7,
    "turns": "20",
    "name": "jumping_jacks.gif",
    "url": "XR0xeuK5zBU",
    "info":"Jumping jack is a cardiovascular, full body warm up exercise as it helps loosening of the muscles.",
    "howTo":"Stand upright. Your feet should be together and your hands by your sides. Begin exercise by raising both your hands simultaneously, up and above your head. While raising your hands jump off the floor and move your feet apart to a distance around twice that of shoulder width.\nWith your hands at the top and feet spread apart, immediately reverse your movement back to the starting position. Do this exercise in a fluid motion.",
    "correctForm":"Try to synchronize the movement of your hands with your feet\nDo not pause during this exercise",
    "tts": [
      {
        "text": "Jumping Jacks is a very good full body warm up exercise",
        "time": "7"
      }
    ],
    "unit": 1,
    "isOnline": false
  },
  {
    "calories": 14.588,
    "display": "Leg Raises",
    "id": 8,
    "turns": "30",
    "name": "leg_raises.gif",
    "url": "JB2oyawG9KI",
    "info":"Leg raises is a pilates and calisthenics exercise for improving core strength. It targets core,abs and hip flexor muscles.",
    "howTo":"Lay down flat on the floor with your hands underneath your glutes. Keep your feet straight and keep them together. While keeping your legs straight, lift both your legs in the air together. Bring both the legs at 90 degrees from the floor, if possible. Once at the top, slowly start lowering both your legs into the starting position.",
    "correctForm":"Do not bend your knees and keep your legs straight\nDo not use jerking motion to lift your legs",
    "tts": [
      {
        "text": "Leg Raises targets Hip Flexors and Lower Abs Muscles",
        "time": "7"
      }
    ],
    "unit": 1,
    "isOnline": false
  },
   {
    "calories": 13.04,
    "display": "Mountain Climbers",
    "id": 9,
    "turns": "30",
    "name": "mountain_climbers1.gif",
    "url": "WHtsUjji2YY",
    "info":"Mountain climber is a very effective full body cardiovascular exercise. It is a compound exercise that targets the abs, lower back, hamstring,quads and triceps muscles.",
    "howTo":"Start in a plank position and keep your body straight. Begin pulling your right knee towards your chest. Maintain plank position. Keep the tension in your abs by pulling them in. Try to bring your knee in as close to the chest as you comfortably can. Once right knee has been pulled in repeat this movement with the other leg. Pull the left knee in and push the right leg out. Alternate these movement by switching between knees in a continuous motion.",
    "correctForm":"Your hips should not drop nor your back should arch\nPrevent your head from dropping",
    "tts": [
      {
        "text": "Mountain Climbers is a full body exercise which targets shoulder chest and lower ab muscles",
        "time": "7"
      }
    ],
    "unit": 1,
    "isOnline": true
  },
  {
    "calories": 13.045,
    "display": "Moving Plank",
    "id": 10,
    "turns": "30 sec",
    "name": "moving_plank1.gif",
    "url": "sTn_8M0uFV8",
    "info":"Moving plank is an advanced version of the elbow plank. Moving plank targets abs, shoulder and tricep muscles.",
    "howTo":"Go down to the floor. Like in an elbow plank position, rest your body weight on elbow and forearms and keep them flat on the floor. Raise your hips off the floor in such a way that your entire body from head to heals form a straight line. This is the elbow plank position. To do moving plank, move your upper body weight from your elbow to your hands, while keeping plank position. You will have to do this one hand at a time.\nOnce you have moved from elbow plank position to a plank position with your body weight on your hands, try to reverse the movement by going back to the elbow plank position. Again do this one hand a time. This full movement constitute one rep.",
    "correctForm":"Make sure your elbows and hands are underneath shoulders\nPrevent your hips from dropping and keep them still",
    "tts": [
      {
        "text": "Moving planks very effectively targets core abs chest and shoulder muscles all in a single exercise",
        "time": "7"
      }
    ],
    "unit": 1,
    "isOnline": false
  },
  {
    "calories": 11.045,
    "display": "Pike Walk",
    "id": 11,
    "turns": "20",
    "name": "pike_walk1.gif",
    "url": "5QnHxitgxfo",
    "info":"Pike walk is a bodyweight pilates exercise that strengthens the upper body and core. Pike walk targets abs, shoulders, chest, hamstrings and glutes muscles.",
    "howTo":"Assume a standing position keeping your feet shoulder width apart. Now bend down around your waist and try to put your hands on the floor. While doing so try to keep your legs straight and do not bend your knees. Using your hands only start walking forward as far as you can and come back in reverse as well.\nOnce your hands are as far as they can go, start the reverse movement by walking back inwards towards your feet. Again use your hands only and do not move your feet. This complete one rep.",
    "correctForm":"Try not to bend your legs during this exercise\nYour hips should not sag and your core should be tight",
    "tts": [
      {
        "text": "Pike Walk targets the core and upper abs muscles",
        "time": "7"
      }
    ],
    "unit": 1,
    "isOnline": false
  },
  {
    "calories": 15.5745,
    "display": "Plank",
    "id": 12,
    "turns": "30 Sec",
    "name": "plank1.gif",
    "url": "3FOU8F9LMt0",
    "info":"Elbow plank is a calisthenics exercise that primarily targets the core abs muscles. It also targets the lower back and shoulders.",
    "howTo":"Go down to the floor like assuming a push up position. Instead of putting your hands on the floor, rest your body weight on elbow and forearms and keep them flat on the floor. Raise your hips off the floor in such a way that your entire body from head to heals form a straight line. You should feel tension in your core, hamstring and glutes.",
    "correctForm":"Keep your hips in a flat position not too high not to low. Do not arch your back\nNeck and head position should lie on a straight line",
    "tts": [
      {
        "text": "Plank targets the core and upper abs muscles",
        "time": "7"
      }
    ],
    "unit": 1,
    "isOnline": false
  },
  {
    "calories": 12.578,
    "display": "Plank Arm Raises",
    "id": 13,
    "turns": "30 Sec",
    "name": "plank_arm_raises1.gif",
    "url": "TyiujJcZHVY",
    "info":"Plank arm raises is an isometric core exercise that primarily target upper & lower abs and helps improving shoulder and spinal stability. It also strengthen lower back regions.",
    "howTo":"Lie down in a push up position, rest your body weight on both hands then tighten your abs while stretching one arm out in front of you with your head up and knees straight.\nMake sure your body is in a completely straight line from head to toe. While lifting right arm off the ground, drive that left foot into the ground, then bring the hand down after a couple of seconds and switch to the left side with same drill.",
    "correctForm":"Keep your body in straight position, don’t arch your back\nDevelop good rotational stability through shoulders, torso and hips",
    "tts": [
      {
        "text": "Plank Arm Raises builds core strength in addition to working shoulder and triceps muscles",
        "time": "7"
      }
    ],
    "unit": 1,
    "isOnline": false
  },
  {
    "calories": 12.4287,
    "display": "Plank Jacks",
    "id": 14,
    "turns": "22",
    "name": "plank_jacks1.gif",
    "url": "xcBz0TtHqWI",
    "info":"Plank jack is cardio exercise that primarily targets abs and strengthens the upper body, lower body and core. This exercise also helps in cardiovascular endurance, accelerate the heart rate and burn more calories.",
    "howTo":"Get settled in a pushup position and make your body into a straight line from head to toe. Press your toes forcefully into the floor and jump your feets outwards to spread your legs out without moving your torso. Then jump again with your feets and bring your legs back together. Make sure to keep your lower abs tight as you jack your feet.",
    "correctForm":"Keep your body in straight position, don’t arch your back\nAs you move your legs outwards, don’t allow your torso to rotate.",
    "tts": [
      {
        "text": "Plank Jacks targets core abs hip flexors and calf muscles",
        "time": "7"
      }
    ],
    "unit": 1,
    "isOnline": false
  },
  {
    "calories": 12.574,
    "display": "Push Ups",
    "id": 15,
    "turns": "22",
    "name": "push_up1.gif",
    "url": "rjc0O7OXS3g",
    "info":"Pushup is an effective exercise that primarily strengthens your chest, abs and core body muscles.",
    "howTo":"Position your hands and arms right below your shoulders while holding your body in a plank position. Lower your body until your chest is two inches above the floor. Then push your torso away from the ground until your arms lock, then repeat.",
    "correctForm":"Keep your body in a straight position, don’t arch your back\nKeep your core engaged throughout the entire movement",
    "tts": [
      {
        "text": "Push Up is very effective exercise for upper body conditioning and core abs muscles",
        "time": "7"
      }
    ],
    "unit": 1,
    "isOnline": true
  },
  {
    "calories": 12.876,
    "display": "Push Up Plank",
    "id": 16,
    "turns": "30 Sec",
    "name": "push_up_plank1.gif",
    "url": "IBBUsmf-RM0",
    "info":"",
    "howTo":"With your toes on the floor, lift your body off the ground using your arms, and lift your knees off the floor until your body forms a straight line from your heels to the back of your neck.Instead of bending your elbows to lower down as you would with a traditional push-up, slowly lower one arm until your forearm and elbow are resting on the ground. Carefully lean on that forearm, and bring your other arm down to rest on the ground in the same way. You should now be in the plank position.",
    "correctForm":"",
    "tts": [
      {
        "text": "Push Up Plank targets chest shoulder and core abs muscles",
        "time": "7"
      }
    ],
    "unit": 1,
    "isOnline": false
  },
  {
    "calories": 12.786,
    "display": "Raised Leg Circles",
    "id": 17,
    "turns": "24",
    "name": "raised_leg_circles1.gif",
    "url": "4Vhq0zakuiA",
    "info":"Raised legs circle exercise in an easy way to harden your lower abs and strengthen front hip flexors.",
    "howTo":"Lying your back with both legs straight, put your hands underneath your lower back core for support. Use your feet to draw a larger circle as you can control from above your hips to close the ground as you can. Continue the motion with set of repetitions.",
    "correctForm":"Do not let lower back peel up off the mat as you lower your legs\nBreathe deeply into your back and sides",
    "tts": [
      {
        "text": "Raised Leg Circles targets all abs muscle groups",
        "time": "7"
      }
    ],
    "unit": 1,
    "isOnline": false
  },
  {
    "calories": 12.786,
    "display": "Reverse Crunches",
    "id": 18,
    "turns": "22",
    "name": "reverse_crunches1.gif",
    "url": "gAyTBB4lm3I",
    "info":"Reverse crunch is a core exercise that primarily targets your abs, hips and lower back.",
    "howTo":"Lying your back down the ground and place the hands underneath your lower back core. Hover your legs straight above, raise your hips off the floor and crunch them inward. Then slowly lower your legs back towards the floor and repeat the same process.",
    "correctForm":"Hold your feet together and pull them in the air at 90 degree angle\nHips and lower back should raise up off the floor",
    "tts": [
      {
        "text": "Reverse Crunches targets lower and core abs muscles",
        "time": "7"
      }
    ],
    "unit": 1,
    "isOnline": false
  },
  {
    "calories": 13.876,
    "display": "Russian Twist",
    "id": 19,
    "turns": "24",
    "name": "russian_twist1.gif",
    "url": "NeAtimSCxsY",
    "info":"Russian twist is a core workout that engages all the abdomen muscles. It strengthens the rectus abdominis, internal obliques and external obliques.",
    "howTo":"Sit on the floor with knees bent and legs up as in a V sit up position. Lock your hands together and twist them side to side with multiple repetitions then roll it back down.",
    "correctForm":"Hold your feets together and slightly above the ground\nSwing arms from one side to another in a twisting motion",
    "tts": [
      {
        "text": "Russian Twists works obliques and lower abs muscles",
        "time": "7"
      }
    ],
    "unit": 1,
    "isOnline": false
  },
  {
    "calories": 12.576,
    "display": "Side Plank Left",
    "id": 20,
    "turns": "30 Sec",
    "name": "side_plank_left1.gif",
    "url": "N_s9em1xTqU",
    "info":"Side plank is a core exercise that strengthen your shoulders, obliques and legs from hips to heels.",
    "howTo":"Lie down on your side with feets together and place your forearm right under the shoulder. Raise your hips until your body is in a straight line from head to feet. Hold the position without dropping your hips down the floor.",
    "correctForm":"Form your body a straight line from shoulders to ankles\nMake sure your hips are going up to the sky",
    "tts": [
      {
        "text": "Side Plank very effectively targets obliques and hip abductor muscles",
        "time": "7"
      }
    ],
    "unit": 1,
    "isOnline": false
  },
  {
    "calories": 12.576,
    "display": "Side Plank Right",
    "id": 21,
    "turns": "30 Sec",
    "name": "side_plank_right.gif",
    "url": "6cRAFji80CQ",
    "info":"Side plank is a core exercise that strengthen your shoulders, obliques and legs from hips to heels.",
    "howTo":"Lie down on your side with feets together and place your forearm right under the shoulder. Raise your hips until your body is in a straight line from head to feet. Hold the position without dropping your hips down the floor.",
    "correctForm":"Form your body a straight line from shoulders to ankles\nMake sure your hips are going up to the sky",
    "tts": [
      {
        "text": "Side Plank very effectively targets obliques and hip abductor muscles",
        "time": "7"
      }
    ],
    "unit": 1,
    "isOnline": false
  }
]