[
 {
    "calories": 13.54,
    "display": "Jumping Jacks",
    "id": 1,
    "turns": "30",
    "name": "jumping_jacks.gif",
    "url": "XR0xeuK5zBU",
    "info":"Jumping jack is a cardiovascular, full body warm up exercise as it helps loosening of the muscles.",
    "howTo":"Stand upright. Your feet should be together and your hands by your sides. Begin exercise by raising both your hands simultaneously, up and above your head. While raising your hands jump off the floor and move your feet apart to a distance around twice that of shoulder width.\nWith your hands at the top and feet spread apart, immediately reverse your movement back to the starting position. Do this exercise in a fluid motion.",
    "correctForm":"Try to synchronize the movement of your hands with your feet\nDo not pause during this exercise",
    "tts": [
      {
        "text": "Jumping Jacks is a very good full body warm up exercise",
        "time": "7"
      }
    ],
    "unit": 1,
    "isOnline": false
  },
   {
    "calories": 12.05,
    "display": "High Knees",
    "id": 2,
    "turns": "30",
    "name": "high_knees.gif",
    "url": "whHxoB-AFYQ",
    "info":"High knees is a cardiovascular, warm up and a stretching exercise. It targets hip flexors,  hamstrings, quads and abs.",
    "howTo":"This exercise is similar to running in place. However the only difference is that you try to raise your knees up high. Ideally your knees should come up to 90 degree angle to your body. Keep doing this alternate manner with your arms pumping back and forth.",
    "correctForm":"Keep looking straight. Do not look down\nRaise your knees at 90 degrees angle to your body",
    "tts": [
      {
        "text": "High Knees is a very good full body cardio vascular exercise very effective for fat burning",
        "time": "7"
      }
    ],
    "unit": 1,
    "isOnline": true
  },
  {
    "calories": 12.63,
    "display": "Glute Bridge",
    "id": 3,
    "turns": "20",
    "name": "glute_bridge.gif",
    "url": "WowARnE-p0s",
    "info":"",
    "howTo":"Bend your knees and put your feet flat on the ground just close enough that you can graze your heels with your fingertips when you stretch your arms down by your side. Your feet should be about hip-width apart.Bend your elbows to 90 degrees so that only your upper arm is on the ground.Then drive up through your heels and upper back to lift your glutes off the ground. Drive your hips up as high as possible, squeezing the glutes hard. Keep your belly button drawn in so you don’t hyper extend your back Do not push backward off your heels. Make sure you are driving straight up and that your knees aren’t caving in.Squeeze your glutes for second or two at the top and lower all the way back down to the ground before repeating.",
    "correctForm":"",
    "tts": [
      {
        "text": "",
        "time": "7"
      }
    ],
    "unit": 1,
    "isOnline": true
  },
  {
    "calories": 12.63,
    "display": "Half Kneeling Thread The Needle Left",
    "id": 4,
    "turns": "18",
    "name": "half_kneeling_thread_needle_left.gif",
    "url": "WfMdeMmR6vI",
    "info":"",
    "howTo":"Thread the needle to loosen your midback and stretch your shoulders. As you reach up, push the floor away through your supporting arm to turn your breastbone. Breathe in and reach under to stretch.",
    "correctForm":"",
    "tts": [
      {
        "text": "",
        "time": "7"
      }
    ],
    "unit": 1,
    "isOnline": false
  },
  {
    "calories": 12.63,
    "display": "Half Kneeling Thread The Needle Right",
    "id": 5,
    "turns": "18",
    "name": "half_kneeling_thread_needle_right.gif",
    "url": "WfMdeMmR6vI",
    "info":"",
    "howTo":"Thread the needle to loosen your midback and stretch your shoulders. As you reach up, push the floor away through your supporting arm to turn your breastbone. Breathe in and reach under to stretch.",
    "correctForm":"",
    "tts": [
      {
        "text": "",
        "time": "7"
      }
    ],
    "unit": 1,
    "isOnline": false
  },
  {
    "calories": 12.576,
    "display": "V Ups",
    "id": 6,
    "turns": "12",
    "name": "v_ups1.gif",
    "url": "iP2fjvG0g3w",
    "info":"V-Ups is a great core body exercise that fully engages your abdominal muscles and strengthen your abs, obliques and back muscles.",
    "howTo":"Lying your back with both legs straight and extend your arms over your head. Lift your legs and upper body simultaneously off the floor and reach towards your feet. Return slowly back down the starting position.",
    "correctForm":"Keep your torso and legs straight, don’t arch your back.\nLift your legs up to 45 degree angle",
    "tts": [
      {
        "text": "V Ups targets core upper and lower abs muscles",
        "time": "7"
      }
    ],
    "unit": 1,
    "isOnline": false
  },
   {
    "calories": 13.876,
    "display": "Russian Twist",
    "id": 7,
    "turns": "20",
    "name": "russian_twist1.gif",
    "url": "NeAtimSCxsY",
    "info":"Russian twist is a core workout that engages all the abdomen muscles. It strengthens the rectus abdominis, internal obliques and external obliques.",
    "howTo":"Sit on the floor with knees bent and legs up as in a V sit up position. Lock your hands together and twist them side to side with multiple repetitions then roll it back down.",
    "correctForm":"Hold your feets together and slightly above the ground\nSwing arms from one side to another in a twisting motion",
    "tts": [
      {
        "text": "Russian Twists works obliques and lower abs muscles",
        "time": "7"
      }
    ],
    "unit": 1,
    "isOnline": false
  },
  {
    "calories": 12.576,
    "display": "Side Plank Left",
    "id": 8,
    "turns": "30 Sec",
    "name": "side_plank_left1.gif",
    "url": "N_s9em1xTqU",
    "info":"Side plank is a core exercise that strengthen your shoulders, obliques and legs from hips to heels.",
    "howTo":"Lie down on your side with feets together and place your forearm right under the shoulder. Raise your hips until your body is in a straight line from head to feet. Hold the position without dropping your hips down the floor.",
    "correctForm":"Form your body a straight line from shoulders to ankles\nMake sure your hips are going up to the sky",
    "tts": [
      {
        "text": "Side Plank very effectively targets obliques and hip abductor muscles",
        "time": "7"
      }
    ],
    "unit": 1,
    "isOnline": false
  },
  {
    "calories": 12.576,
    "display": "Side Plank Right",
    "id": 9,
    "turns": "30 Sec",
    "name": "side_plank_right.gif",
    "url": "6cRAFji80CQ",
    "info":"Side plank is a core exercise that strengthen your shoulders, obliques and legs from hips to heels.",
    "howTo":"Lie down on your side with feets together and place your forearm right under the shoulder. Raise your hips until your body is in a straight line from head to feet. Hold the position without dropping your hips down the floor.",
    "correctForm":"Form your body a straight line from shoulders to ankles\nMake sure your hips are going up to the sky",
    "tts": [
      {
        "text": "Side Plank very effectively targets obliques and hip abductor muscles",
        "time": "7"
      }
    ],
    "unit": 1,
    "isOnline": false
  },
  {
    "calories": 15.7456,
    "display": "Scissors",
    "id": 10,
    "turns": "20",
    "name": "scissors1.gif",
    "url": "WoNCIBVLbgY",
    "info":"Scissors is a core exercise that primarily targets abs, hip flexors and transverse abdominis that maintain your stability, posture and balance.",
    "howTo":"Lying your back with both legs straight, put your hands underneath your lower back core for support. Raise your legs to 45 degree angle, spread them out to the side and then cross one leg over the other in the middle. Then bring them back to starting position completes one repetition.",
    "correctForm":"Raise your chin towards the chest to engage your upper abs\nPress lower back over the floor",
    "tts": [
      {
        "text": "Scissors strengthens core and lower abs muscles along with hip flexors and quadriceps",
        "time": "7"
      }
    ],
    "unit": 1,
    "isOnline": false
  },
  {
    "id": 11,
    "unit": 1,
    "turns": "30 Sec",
    "calories": 12.63,
    "display": "Cobra Stretch",
    "tts": [
      {
        "text": "",
        "time": "7"
      }
    ],
    "name": "cobra_stretch.gif",
    "url": "JDcdhTuycOI",
    "info":"Cobra stretch helps strengthening muscles of arms, shoulders, chest and abdominals.",
    "howTo":"Lie face down on the floor with parallel thigh placement and place your hands underneath your shoulders. Start straightening your arms with chest lift and maintain a comfortable height of torso. Relax and hold the stretch upwards.",
    "correctForm":"Tit head back and look upkeep\nKeep your abs and back relaxed",
    "isOnline": false
  },
  {
    "id": 12,
    "unit": 1,
    "turns": "20",
    "calories": 12.63,
    "display": "Cat Cow Stretch",
    "tts": [
      {
        "text": "",
        "time": "7"
      }
    ],
    "name": "cat_cow_stretch.gif",
    "url": "kqnua4rHVVA",
    "info":"Cat cow stretch is core exercise that brings flexibility to the spine. It helps relieving back pain.",
    "howTo":"Get down on the floor with your hands and knees in a view aligning your palms underneath shoulders and knees underneath hips. Curl your toes under, inhale and drop your belly towards the floor meanwhile lift your chin and chest upwards. Then release top of your feet to the floor, exhale and round your back dropping your head and tailbone down and pulling your belly inwards and drop your head. Hold the stretch the get back to starting position.",
    "correctForm":"Inhale and exhale respectively during cat moves\nDon’t overuse your lower back muscles",
    "isOnline": false
  },
  {
    "calories": 12.63,
    "display": "Diagonal Squat Left",
    "id": 13,
    "turns": "12",
    "name": "diagonal_squat_left.gif",
    "url": "cJA8-z5bDbQ",
    "info":"",
    "howTo":"Stand on one leg.Bend your leg to 45 degrees.Reach your right arm diagonally across your body towards the left side of your knee.Return to center.Reach your left arm diagonally across your body towards the right side of your knee.",
    "correctForm":"",
    "tts": [
      {
        "text": "",
        "time": "7"
      }
    ],
    "unit": 1,
    "isOnline": false
  },
  {
    "calories": 12.63,
    "display": "Diagonal Squat Right",
    "id": 14,
    "turns": "12",
    "name": "diagonal_squat_right.gif",
    "url": "cJA8-z5bDbQ",
    "info":"",
    "howTo":"Stand on one leg.Bend your leg to 45 degrees.Reach your right arm diagonally across your body towards the left side of your knee.Return to center.Reach your left arm diagonally across your body towards the right side of your knee.",
    "correctForm":"",
    "tts": [
      {
        "text": "",
        "time": "7"
      }
    ],
    "unit": 1,
    "isOnline": false
  }
]